Types,id,percent
非酒精饮料,7594,0.17511010676320704
西点,7192,0.1658403855466138
果蔬,7146,0.1647796711785459
米粮调料,5185,0.1195609564876519
百货,5141,0.11854636013558696
肉类,4870,0.11229736896718703
酒精饮料,2287,0.052735951299375104
食品类,1870,0.0431203449627597
零食,1459,0.033643092674153156
熟食,541,0.012474923328798395
